model,layer,family,condition,n_pairs,direction_consistency,pc1_var_ratio,analogy_acc,direction_consistency_ci_lo,direction_consistency_ci_hi,analogy_acc_ci_lo,analogy_acc_ci_hi
google/gemma-2-2b,6,agent_dor,native,25,0.5945430972479819,0.11855733625727025,0.96,,,,
google/gemma-2-2b,6,agent_dor,morphemic,25,0.6378312715179024,0.1493422541923405,1.0,,,,
google/gemma-2-2b,6,agent_dor,delta,25,0.04328817426992049,0.030784917935070266,0.040000000000000036,,,,
google/gemma-2-2b,6,agent_er,native,25,0.591762664355162,0.11033776014204495,1.0,,,,
google/gemma-2-2b,6,agent_er,morphemic,25,0.7059881972760808,0.17484905391412062,1.0,,,,
google/gemma-2-2b,6,agent_er,delta,25,0.11422553292091875,0.06451129377207566,0.0,,,,
google/gemma-2-2b,6,cedilla,native,13,0.5170944792090457,0.21691757269403078,1.0,,,,
google/gemma-2-2b,6,cedilla,morphemic,13,0.583416129155588,0.2515827118362211,1.0,,,,
google/gemma-2-2b,6,cedilla,delta,13,0.06632164994654233,0.03466513914219033,0.0,,,,
google/gemma-2-2b,6,dim_et,native,30,0.41477975090675395,0.07765162764289457,0.9333333333333333,,,,
google/gemma-2-2b,6,dim_et,morphemic,30,0.5316363258532043,0.142979421259376,0.9333333333333333,,,,
google/gemma-2-2b,6,dim_et,delta,30,0.11685657494645035,0.06532779361648142,0.0,,,,
google/gemma-2-2b,6,gem_lla,native,12,0.4637484964560537,0.1811519549712319,1.0,,,,
google/gemma-2-2b,6,gem_lla,morphemic,12,0.6338313967109811,0.28290051414284156,1.0,,,,
google/gemma-2-2b,6,gem_lla,delta,12,0.1700829002549274,0.10174855917160966,0.0,,,,
google/gemma-2-2b,6,gender_a,native,25,0.38996065263236984,0.10587049394394853,1.0,,,,
google/gemma-2-2b,6,gender_a,morphemic,25,0.6165560775098755,0.16622276354286547,0.96,,,,
google/gemma-2-2b,6,gender_a,delta,25,0.22659542487750567,0.060352269598916944,-0.040000000000000036,,,,
google/gemma-2-2b,6,ly,native,40,0.6987898249677944,0.10688776143301428,1.0,,,,
google/gemma-2-2b,6,ly,morphemic,40,0.7469579161989716,0.13365371504657408,1.0,,,,
google/gemma-2-2b,6,ly,delta,40,0.04816809123117716,0.02676595361355981,0.0,,,,
google/gemma-2-2b,6,ment,native,40,0.55279975062822,0.09746219948719645,1.0,,,,
google/gemma-2-2b,6,ment,morphemic,40,0.5892763998287867,0.0933228980035254,0.975,,,,
google/gemma-2-2b,6,ment,delta,40,0.0364766492005667,-0.004139301483671046,-0.025000000000000022,,,,
google/gemma-2-2b,6,nom_cio,native,24,0.7145890885773785,0.12335183198615772,1.0,,,,
google/gemma-2-2b,6,nom_cio,morphemic,24,0.7370831883643207,0.12105309694429002,1.0,,,,
google/gemma-2-2b,6,nom_cio,delta,24,0.02249409978694228,-0.0022987350418677,0.0,,,,
google/gemma-2-2b,6,nom_tion,native,25,0.6448088738824044,0.12378025397742783,0.96,,,,
google/gemma-2-2b,6,nom_tion,morphemic,25,0.6628027398588844,0.09713793952566749,1.0,,,,
google/gemma-2-2b,6,nom_tion,delta,25,0.017993865976480006,-0.026642314451760338,0.040000000000000036,,,,
google/gemma-2-2b,6,ny,native,12,0.45060142052083246,0.19197948689273933,1.0,,,,
google/gemma-2-2b,6,ny,morphemic,12,0.6147182562217418,0.28474806700963223,1.0,,,,
google/gemma-2-2b,6,ny,delta,12,0.16411683570090935,0.0927685801168929,0.0,,,,
google/gemma-2-2b,6,plural,native,30,0.3815315895145267,0.1509764880200152,1.0,,,,
google/gemma-2-2b,6,plural,morphemic,30,0.6871932177776982,0.12430181571997437,1.0,,,,
google/gemma-2-2b,6,plural,delta,30,0.30566162826317145,-0.026674672300040836,0.0,,,,
google/gemma-2-2b,6,plural_s,native,30,0.6924770693117381,0.14667530065070858,1.0,,,,
google/gemma-2-2b,6,plural_s,morphemic,30,0.8001750951428419,0.09910585968786217,1.0,,,,
google/gemma-2-2b,6,plural_s,delta,30,0.10769802583110377,-0.047569440962846404,0.0,,,,
google/gemma-2-2b,6,verb_em,native,25,0.5857206016916197,0.13456446769242708,0.96,,,,
google/gemma-2-2b,6,verb_em,morphemic,25,0.6788143153378856,0.16645781477579033,1.0,,,,
google/gemma-2-2b,6,verb_em,delta,25,0.09309371364626595,0.03189334708336325,0.040000000000000036,,,,
google/gemma-2-2b,15,agent_dor,native,25,0.6185866659892035,0.1331318833115366,0.96,,,,
google/gemma-2-2b,15,agent_dor,morphemic,25,0.6312930647731317,0.16098153007083318,0.96,,,,
google/gemma-2-2b,15,agent_dor,delta,25,0.012706398783928208,0.027849646759296576,0.0,,,,
google/gemma-2-2b,15,agent_er,native,25,0.6232995408076172,0.14807102417671683,1.0,,,,
google/gemma-2-2b,15,agent_er,morphemic,25,0.6839906103293676,0.21347897349562048,0.96,,,,
google/gemma-2-2b,15,agent_er,delta,25,0.06069106952175041,0.06540794931890365,-0.040000000000000036,,,,
google/gemma-2-2b,15,cedilla,native,13,0.5216974526656851,0.25963246363613096,0.9230769230769231,,,,
google/gemma-2-2b,15,cedilla,morphemic,13,0.5390947632238761,0.2884354242625168,1.0,,,,
google/gemma-2-2b,15,cedilla,delta,13,0.017397310558190937,0.02880296062638582,0.07692307692307687,,,,
google/gemma-2-2b,15,dim_et,native,30,0.4461727144514026,0.11815700482117746,0.9666666666666667,,,,
google/gemma-2-2b,15,dim_et,morphemic,30,0.5277767545564744,0.18679420553576054,0.9,,,,
google/gemma-2-2b,15,dim_et,delta,30,0.08160404010507183,0.06863720071458308,-0.06666666666666665,,,,
google/gemma-2-2b,15,gem_lla,native,12,0.5007012838746709,0.1988793298764395,1.0,,,,
google/gemma-2-2b,15,gem_lla,morphemic,12,0.6322613750576739,0.27954515045645384,1.0,,,,
google/gemma-2-2b,15,gem_lla,delta,12,0.13156009118300294,0.08066582058001434,0.0,,,,
google/gemma-2-2b,15,gender_a,native,25,0.41106731148117703,0.15556285016598054,1.0,,,,
google/gemma-2-2b,15,gender_a,morphemic,25,0.6020264755141901,0.18305525777869144,0.96,,,,
google/gemma-2-2b,15,gender_a,delta,25,0.19095916403301305,0.027492407612710906,-0.040000000000000036,,,,
google/gemma-2-2b,15,ly,native,40,0.6805839639950428,0.1739711315217802,0.975,,,,
google/gemma-2-2b,15,ly,morphemic,40,0.7266249070482612,0.15506187282402298,1.0,,,,
google/gemma-2-2b,15,ly,delta,40,0.046040943053218375,-0.018909258697757225,0.025000000000000022,,,,
google/gemma-2-2b,15,ment,native,40,0.592869356905517,0.14642687255754094,0.9,,,,
google/gemma-2-2b,15,ment,morphemic,40,0.6162854677635939,0.14391808247765586,0.925,,,,
google/gemma-2-2b,15,ment,delta,40,0.023416110858076933,-0.0025087900798850815,0.025000000000000022,,,,
google/gemma-2-2b,15,nom_cio,native,24,0.6983464503585285,0.16308470688496982,1.0,,,,
google/gemma-2-2b,15,nom_cio,morphemic,24,0.7113553704397094,0.17018236843069523,1.0,,,,
google/gemma-2-2b,15,nom_cio,delta,24,0.01300892008118093,0.007097661545725414,0.0,,,,
google/gemma-2-2b,15,nom_tion,native,25,0.6619673292478905,0.15401307073789464,1.0,,,,
google/gemma-2-2b,15,nom_tion,morphemic,25,0.6682794840942076,0.14748224330703552,0.96,,,,
google/gemma-2-2b,15,nom_tion,delta,25,0.006312154846317086,-0.006530827430859115,-0.040000000000000036,,,,
google/gemma-2-2b,15,ny,native,12,0.46666076698523945,0.2820192632778744,0.9166666666666666,,,,
google/gemma-2-2b,15,ny,morphemic,12,0.558031247874354,0.2980383906715333,1.0,,,,
google/gemma-2-2b,15,ny,delta,12,0.09137048088911454,0.016019127393658905,0.08333333333333337,,,,
google/gemma-2-2b,15,plural,native,30,0.41832991533321057,0.1835444657076944,0.9333333333333333,,,,
google/gemma-2-2b,15,plural,morphemic,30,0.6667137409342601,0.1284245317209649,1.0,,,,
google/gemma-2-2b,15,plural,delta,30,0.2483838256010495,-0.055119933986729486,0.06666666666666665,,,,
google/gemma-2-2b,15,plural_s,native,30,0.7033470593981915,0.16051933597636703,1.0,,,,
google/gemma-2-2b,15,plural_s,morphemic,30,0.7803548039944691,0.1452683982729507,1.0,,,,
google/gemma-2-2b,15,plural_s,delta,30,0.07700774459627757,-0.015250937703416317,0.0,,,,
google/gemma-2-2b,15,verb_em,native,25,0.5929143342815064,0.12441984360990889,0.92,,,,
google/gemma-2-2b,15,verb_em,morphemic,25,0.6808416503799907,0.1541231375350081,1.0,,,,
google/gemma-2-2b,15,verb_em,delta,25,0.08792731609848425,0.029703293925099197,0.07999999999999996,,,,
google/gemma-2-2b,22,agent_dor,native,25,0.5518756335164176,0.15132454239569076,0.92,,,,
google/gemma-2-2b,22,agent_dor,morphemic,25,0.5782065854508766,0.18478750926347637,0.96,,,,
google/gemma-2-2b,22,agent_dor,delta,25,0.026330951934459,0.033462966867785604,0.039999999999999925,-0.025439633447851558,0.07581212991759402,-0.08,0.16
google/gemma-2-2b,22,agent_er,native,25,0.6199983673375401,0.13945599050262308,1.0,,,,
google/gemma-2-2b,22,agent_er,morphemic,25,0.6510106648269257,0.3235856631730776,0.92,,,,
google/gemma-2-2b,22,agent_er,delta,25,0.03101229748938561,0.1841296726704545,-0.07999999999999996,-0.04168120577990747,0.09816004154578147,-0.2,0.0
google/gemma-2-2b,22,cedilla,native,13,0.5031558800692473,0.29416680485406665,0.8461538461538461,,,,
google/gemma-2-2b,22,cedilla,morphemic,13,0.48222432572866764,0.3546504327376031,0.9230769230769231,,,,
google/gemma-2-2b,22,cedilla,delta,13,-0.02093155434057964,0.06048362788353645,0.07692307692307698,-0.07566208294472826,0.03188227215026276,-0.15384615384615385,0.3076923076923077
google/gemma-2-2b,22,dim_et,native,30,0.38322000852141574,0.11944363230540653,0.9333333333333333,,,,
google/gemma-2-2b,22,dim_et,morphemic,30,0.4813069442205226,0.23379388583571198,0.7666666666666667,,,,
google/gemma-2-2b,22,dim_et,delta,30,0.09808693569910687,0.11435025353030545,-0.16666666666666663,0.02806441053396622,0.14920419145122363,-0.3333333333333333,0.0
google/gemma-2-2b,22,gem_lla,native,12,0.457452328916285,0.2391146668411041,1.0,,,,
google/gemma-2-2b,22,gem_lla,morphemic,12,0.5703375229389231,0.3234749236503777,1.0,,,,
google/gemma-2-2b,22,gem_lla,delta,12,0.11288519402263814,0.08436025680927361,0.0,0.020444632217317432,0.17687684527490097,0.0,0.0
google/gemma-2-2b,22,gender_a,native,25,0.40493256733681143,0.20597115552722137,0.96,,,,
google/gemma-2-2b,22,gender_a,morphemic,25,0.5845126474143301,0.2405372664350339,0.92,,,,
google/gemma-2-2b,22,gender_a,delta,25,0.17958008007751863,0.03456611090781253,-0.039999999999999925,0.0814518440696512,0.2352563297515886,-0.12,0.0
google/gemma-2-2b,22,ly,native,40,0.6564633133909823,0.1422311812767762,0.9,,,,
google/gemma-2-2b,22,ly,morphemic,40,0.6928877441679633,0.20926731259429207,0.95,,,,
google/gemma-2-2b,22,ly,delta,40,0.03642443077698099,0.06703613131751587,0.04999999999999993,-0.005250802766927382,0.06875530198827537,-0.075,0.175
google/gemma-2-2b,22,ment,native,40,0.5270642264476876,0.17008322587436123,0.8,,,,
google/gemma-2-2b,22,ment,morphemic,40,0.5828683367691612,0.1393679720997388,0.9,,,,
google/gemma-2-2b,22,ment,delta,40,0.05580411032147359,-0.03071525377462242,0.09999999999999998,0.007217546806582878,0.09731500352541952,-0.025,0.225
google/gemma-2-2b,22,nom_cio,native,24,0.6982419856058408,0.20000885553378916,0.9583333333333334,,,,
google/gemma-2-2b,22,nom_cio,morphemic,24,0.7261158001622231,0.1753349922213039,1.0,,,,
google/gemma-2-2b,22,nom_cio,delta,24,0.02787381455638227,-0.024673863312485278,0.04166666666666663,-0.004399188957518473,0.05810360073135601,0.0,0.125
google/gemma-2-2b,22,nom_tion,native,25,0.6552624395933272,0.18027577559200664,0.96,,,,
google/gemma-2-2b,22,nom_tion,morphemic,25,0.6395770402927136,0.2257278447963354,0.92,,,,
google/gemma-2-2b,22,nom_tion,delta,25,-0.015685399300613634,0.04545206920432876,-0.039999999999999925,-0.06505480286305308,0.0350856204474239,-0.16,0.08
google/gemma-2-2b,22,ny,native,12,0.4791882469949169,0.3134439333942678,0.9166666666666666,,,,
google/gemma-2-2b,22,ny,morphemic,12,0.535251972084876,0.3732572377246774,1.0,,,,
google/gemma-2-2b,22,ny,delta,12,0.05606372508995905,0.0598133043304096,0.08333333333333337,-0.04762337930529062,0.1414651014185314,0.0,0.25
google/gemma-2-2b,22,plural,native,30,0.40414671297856736,0.15655599369924644,0.9666666666666667,,,,
google/gemma-2-2b,22,plural,morphemic,30,0.6412185758516356,0.13731563168383287,1.0,,,,
google/gemma-2-2b,22,plural,delta,30,0.2370718628730682,-0.01924036201541357,0.033333333333333326,0.16079993780860258,0.2674850393579249,0.0,0.1
google/gemma-2-2b,22,plural_s,native,30,0.6916074291175968,0.19835395048984786,0.9666666666666667,,,,
google/gemma-2-2b,22,plural_s,morphemic,30,0.7247242201503309,0.1476983005748432,1.0,,,,
google/gemma-2-2b,22,plural_s,delta,30,0.03311679103273413,-0.05065564991500465,0.033333333333333326,0.0035208465987525196,0.06435756140858462,0.0,0.1
google/gemma-2-2b,22,verb_em,native,25,0.5847095965713744,0.13430904802705468,0.76,,,,
google/gemma-2-2b,22,verb_em,morphemic,25,0.6891334365718442,0.1622708865375719,1.0,,,,
google/gemma-2-2b,22,verb_em,delta,25,0.10442384000046978,0.02796183851051723,0.24,0.05345375579484678,0.13348187961231756,0.08,0.4
google/gemma-4-E2B,6,agent_dor,native,25,0.6549668903117976,0.127910293399142,0.96,,,,
google/gemma-4-E2B,6,agent_dor,morphemic,25,0.6796524246265062,0.141005495948339,1.0,,,,
google/gemma-4-E2B,6,agent_dor,delta,25,0.024685534314708657,0.013095202549196994,0.040000000000000036,,,,
google/gemma-4-E2B,6,agent_er,native,25,0.5997645447409812,0.10528987712172302,1.0,,,,
google/gemma-4-E2B,6,agent_er,morphemic,25,0.6516706617803573,0.13234636902747374,1.0,,,,
google/gemma-4-E2B,6,agent_er,delta,25,0.05190611703937609,0.027056491905750713,0.0,,,,
google/gemma-4-E2B,6,cedilla,native,13,0.5164437363185258,0.2119530576219775,1.0,,,,
google/gemma-4-E2B,6,cedilla,morphemic,13,0.5170248221107195,0.23708250406702358,1.0,,,,
google/gemma-4-E2B,6,cedilla,delta,13,0.0005810857921937362,0.025129446445046083,0.0,,,,
google/gemma-4-E2B,6,dim_et,native,30,0.4413723814986923,0.11012591776160402,0.9666666666666667,,,,
google/gemma-4-E2B,6,dim_et,morphemic,30,0.49168666552981827,0.1077356169530867,1.0,,,,
google/gemma-4-E2B,6,dim_et,delta,30,0.05031428403112598,-0.0023903008085173205,0.033333333333333326,,,,
google/gemma-4-E2B,6,gem_lla,native,12,0.5184795533513219,0.18594522646614656,1.0,,,,
google/gemma-4-E2B,6,gem_lla,morphemic,12,0.6020731501448966,0.20042315310695946,1.0,,,,
google/gemma-4-E2B,6,gem_lla,delta,12,0.0835935967935747,0.014477926640812905,0.0,,,,
google/gemma-4-E2B,6,gender_a,native,25,0.4082322607414647,0.15064393882571125,0.96,,,,
google/gemma-4-E2B,6,gender_a,morphemic,25,0.5672686351017455,0.16430492775007777,1.0,,,,
google/gemma-4-E2B,6,gender_a,delta,25,0.15903637436028084,0.013660988924366513,0.040000000000000036,,,,
google/gemma-4-E2B,6,ly,native,40,0.6745828095250902,0.12450449616225975,1.0,,,,
google/gemma-4-E2B,6,ly,morphemic,40,0.7232159885551191,0.11918457624835403,1.0,,,,
google/gemma-4-E2B,6,ly,delta,40,0.04863317903002895,-0.005319919913905721,0.0,,,,
google/gemma-4-E2B,6,ment,native,40,0.6145657407767542,0.11836808131295269,1.0,,,,
google/gemma-4-E2B,6,ment,morphemic,40,0.5957599513410872,0.09294333148004609,1.0,,,,
google/gemma-4-E2B,6,ment,delta,40,-0.01880578943566702,-0.0254247498329066,0.0,,,,
google/gemma-4-E2B,6,nom_cio,native,24,0.6730207688429175,0.164267480107608,1.0,,,,
google/gemma-4-E2B,6,nom_cio,morphemic,24,0.6925526668484995,0.16575816208938024,1.0,,,,
google/gemma-4-E2B,6,nom_cio,delta,24,0.01953189800558197,0.0014906819817722405,0.0,,,,
google/gemma-4-E2B,6,nom_tion,native,25,0.6014248721421079,0.12959742271120034,0.96,,,,
google/gemma-4-E2B,6,nom_tion,morphemic,25,0.601723696481838,0.09781396489268838,1.0,,,,
google/gemma-4-E2B,6,nom_tion,delta,25,0.00029882433973005273,-0.031783457818511954,0.040000000000000036,,,,
google/gemma-4-E2B,6,ny,native,12,0.49830790989514634,0.21352087352612362,0.9166666666666666,,,,
google/gemma-4-E2B,6,ny,morphemic,12,0.5511781677331281,0.2886536973151233,0.9166666666666666,,,,
google/gemma-4-E2B,6,ny,delta,12,0.05287025783798177,0.07513282378899969,0.0,,,,
google/gemma-4-E2B,6,plural,native,30,0.4667028805890175,0.14527596332736448,0.9666666666666667,,,,
google/gemma-4-E2B,6,plural,morphemic,30,0.6127320443883627,0.1005015911457137,1.0,,,,
google/gemma-4-E2B,6,plural,delta,30,0.14602916379934522,-0.04477437218165077,0.033333333333333326,,,,
google/gemma-4-E2B,6,plural_s,native,30,0.6573126699244247,0.2126311503404403,1.0,,,,
google/gemma-4-E2B,6,plural_s,morphemic,30,0.7123935475326555,0.12229880686755906,1.0,,,,
google/gemma-4-E2B,6,plural_s,delta,30,0.05508087760823077,-0.09033234347288124,0.0,,,,
google/gemma-4-E2B,6,verb_em,native,25,0.6409567721714114,0.1768921246978734,1.0,,,,
google/gemma-4-E2B,6,verb_em,morphemic,25,0.6986678918971674,0.18661996878936402,1.0,,,,
google/gemma-4-E2B,6,verb_em,delta,25,0.05771111972575593,0.009727844091490606,0.0,,,,
google/gemma-4-E2B,15,agent_dor,native,25,0.5331010462008321,0.44468632369475014,0.6,,,,
google/gemma-4-E2B,15,agent_dor,morphemic,25,0.556059170178636,0.29783349673853965,0.6,,,,
google/gemma-4-E2B,15,agent_dor,delta,25,0.022958123977803946,-0.1468528269562105,0.0,,,,
google/gemma-4-E2B,15,agent_er,native,25,0.6048196660104879,0.2577319559446628,0.48,,,,
google/gemma-4-E2B,15,agent_er,morphemic,25,0.7029737608787678,0.5128597767196887,0.8,,,,
google/gemma-4-E2B,15,agent_er,delta,25,0.09815409486827997,0.25512782077502594,0.32000000000000006,,,,
google/gemma-4-E2B,15,cedilla,native,13,0.5003611747107992,0.43473204777300967,0.5384615384615384,,,,
google/gemma-4-E2B,15,cedilla,morphemic,13,0.45406529019596353,0.439559479811141,0.6923076923076923,,,,
google/gemma-4-E2B,15,cedilla,delta,13,-0.04629588451483568,0.004827432038131352,0.15384615384615385,,,,
google/gemma-4-E2B,15,dim_et,native,30,0.4180706151883803,0.41626440287633787,0.7,,,,
google/gemma-4-E2B,15,dim_et,morphemic,30,0.42413031028623116,0.4915412092098338,0.6333333333333333,,,,
google/gemma-4-E2B,15,dim_et,delta,30,0.00605969509785087,0.07527680633349593,-0.06666666666666665,,,,
google/gemma-4-E2B,15,gem_lla,native,12,0.48159769828530147,0.4125200011083142,1.0,,,,
google/gemma-4-E2B,15,gem_lla,morphemic,12,0.6208102878297882,0.5090812339678833,1.0,,,,
google/gemma-4-E2B,15,gem_lla,delta,12,0.13921258954448673,0.09656123285956908,0.0,,,,
google/gemma-4-E2B,15,gender_a,native,25,0.32884711425177743,0.38707385748223655,0.56,,,,
google/gemma-4-E2B,15,gender_a,morphemic,25,0.5742514381149714,0.4127042841468787,0.84,,,,
google/gemma-4-E2B,15,gender_a,delta,25,0.24540432386319394,0.02563042666464216,0.2799999999999999,,,,
google/gemma-4-E2B,15,ly,native,40,0.7277099581649153,0.17650801016162956,0.15,,,,
google/gemma-4-E2B,15,ly,morphemic,40,0.7447004997596531,0.26360118470164984,0.95,,,,
google/gemma-4-E2B,15,ly,delta,40,0.016990541594737785,0.08709317454002027,0.7999999999999999,,,,
google/gemma-4-E2B,15,ment,native,40,0.6007987531819057,0.23648563857270413,0.75,,,,
google/gemma-4-E2B,15,ment,morphemic,40,0.6446787082846264,0.27038838095412027,0.625,,,,
google/gemma-4-E2B,15,ment,delta,40,0.04387995510272069,0.033902742381416134,-0.125,,,,
google/gemma-4-E2B,15,nom_cio,native,24,0.7122346394633784,0.32157852891066435,0.7916666666666666,,,,
google/gemma-4-E2B,15,nom_cio,morphemic,24,0.5860666619265892,0.23012392188818717,0.75,,,,
google/gemma-4-E2B,15,nom_cio,delta,24,-0.1261679775367892,-0.09145460702247718,-0.04166666666666663,,,,
google/gemma-4-E2B,15,nom_tion,native,25,0.6490781528452492,0.2337004114843221,0.68,,,,
google/gemma-4-E2B,15,nom_tion,morphemic,25,0.6876172428972221,0.3927398868056299,0.52,,,,
google/gemma-4-E2B,15,nom_tion,delta,25,0.03853909005197298,0.15903947532130777,-0.16000000000000003,,,,
google/gemma-4-E2B,15,ny,native,12,0.4570416614419175,0.385777119861051,0.5833333333333334,,,,
google/gemma-4-E2B,15,ny,morphemic,12,0.4891360536305583,0.41923279249865636,0.8333333333333334,,,,
google/gemma-4-E2B,15,ny,delta,12,0.0320943921886408,0.03345567263760535,0.25,,,,
google/gemma-4-E2B,15,plural,native,30,0.47869175009460757,0.3469525587745484,0.5666666666666667,,,,
google/gemma-4-E2B,15,plural,morphemic,30,0.6738571351048793,0.3750008887509777,0.9666666666666667,,,,
google/gemma-4-E2B,15,plural,delta,30,0.19516538501027175,0.02804832997642931,0.4,,,,
google/gemma-4-E2B,15,plural_s,native,30,0.6842118840857524,0.33092613295123235,0.7666666666666667,,,,
google/gemma-4-E2B,15,plural_s,morphemic,30,0.7562374568872009,0.23201376480047592,1.0,,,,
google/gemma-4-E2B,15,plural_s,delta,30,0.0720255728014485,-0.09891236815075644,0.23333333333333328,,,,
google/gemma-4-E2B,15,verb_em,native,25,0.6263076367949356,0.30665486727498154,0.6,,,,
google/gemma-4-E2B,15,verb_em,morphemic,25,0.6618538170414205,0.4099357384575305,0.72,,,,
google/gemma-4-E2B,15,verb_em,delta,25,0.035546180246484926,0.10328087118254897,0.12,,,,
google/gemma-4-E2B,22,agent_dor,native,25,0.5796034836533134,0.3962166470657679,0.56,,,,
google/gemma-4-E2B,22,agent_dor,morphemic,25,0.5611623231770733,0.31384361141248535,0.56,,,,
google/gemma-4-E2B,22,agent_dor,delta,25,-0.018441160476240115,-0.08237303565328258,0.0,-0.0820950921491575,0.04435749931207272,-0.28,0.28
google/gemma-4-E2B,22,agent_er,native,25,0.6627856593181821,0.22023443409680635,0.36,,,,
google/gemma-4-E2B,22,agent_er,morphemic,25,0.6812988866712295,0.5375537980052981,0.8,,,,
google/gemma-4-E2B,22,agent_er,delta,25,0.01851322735304739,0.3173193639084918,0.44000000000000006,-0.05659661913472025,0.0940446947755888,0.2,0.68
google/gemma-4-E2B,22,cedilla,native,13,0.48493941598179846,0.407054530760055,0.6153846153846154,,,,
google/gemma-4-E2B,22,cedilla,morphemic,13,0.47125833013471097,0.4130380648224861,0.6923076923076923,,,,
google/gemma-4-E2B,22,cedilla,delta,13,-0.013681085847087493,0.005983534062431128,0.07692307692307687,-0.10139741309397446,0.06910857387316591,-0.15384615384615385,0.3096153846153829
google/gemma-4-E2B,22,dim_et,native,30,0.432073844409055,0.3505917519129401,0.7,,,,
google/gemma-4-E2B,22,dim_et,morphemic,30,0.424171239824215,0.41658006538989667,0.6666666666666666,,,,
google/gemma-4-E2B,22,dim_et,delta,30,-0.00790260458483999,0.06598831347695655,-0.033333333333333326,-0.06957331494987808,0.05609337916916419,-0.2,0.13333333333333333
google/gemma-4-E2B,22,gem_lla,native,12,0.532215959379694,0.3220576843319515,1.0,,,,
google/gemma-4-E2B,22,gem_lla,morphemic,12,0.5751912691813954,0.5412087664024358,1.0,,,,
google/gemma-4-E2B,22,gem_lla,delta,12,0.04297530980170139,0.21915108207048428,0.0,-0.11734541488653467,0.20463991059902395,0.0,0.0
google/gemma-4-E2B,22,gender_a,native,25,0.3810213380435571,0.2574763008916944,0.72,,,,
google/gemma-4-E2B,22,gender_a,morphemic,25,0.5275270034749711,0.32731643442353525,0.84,,,,
google/gemma-4-E2B,22,gender_a,delta,25,0.14650566543141397,0.06984013353184088,0.12,0.040443394400147194,0.20868314520289158,-0.08,0.32
google/gemma-4-E2B,22,ly,native,40,0.7282183824684564,0.18754123453307855,0.25,,,,
google/gemma-4-E2B,22,ly,morphemic,40,0.7473011505700878,0.2591993579071102,0.875,,,,
google/gemma-4-E2B,22,ly,delta,40,0.019082768101631453,0.07165812337403163,0.625,-0.020186127834601976,0.0495379362754437,0.425,0.8
google/gemma-4-E2B,22,ment,native,40,0.6342723441152954,0.15125805759473554,0.8,,,,
google/gemma-4-E2B,22,ment,morphemic,40,0.6457779683471789,0.21623000288889851,0.575,,,,
google/gemma-4-E2B,22,ment,delta,40,0.011505624231883504,0.06497194529416297,-0.2250000000000001,-0.02532493383998141,0.05038719182148881,-0.4,-0.025
google/gemma-4-E2B,22,nom_cio,native,24,0.6428973046643737,0.24265075913046724,0.7083333333333334,,,,
google/gemma-4-E2B,22,nom_cio,morphemic,24,0.5628618567258311,0.21489277075705576,0.75,,,,
google/gemma-4-E2B,22,nom_cio,delta,24,-0.08003544793854256,-0.02775798837341148,0.04166666666666663,-0.11815884785370982,-0.030599341666400794,-0.16666666666666666,0.25
google/gemma-4-E2B,22,nom_tion,native,25,0.6700459386235457,0.2584186311353795,0.56,,,,
google/gemma-4-E2B,22,nom_tion,morphemic,25,0.6623886660200603,0.4190242439691357,0.44,,,,
google/gemma-4-E2B,22,nom_tion,delta,25,-0.0076572726034853655,0.16060561283375618,-0.12000000000000005,-0.10209639370212631,0.06874846825686604,-0.36,0.16
google/gemma-4-E2B,22,ny,native,12,0.4907260561239872,0.3935273019606056,0.6666666666666666,,,,
google/gemma-4-E2B,22,ny,morphemic,12,0.5577169138195822,0.4478065534459778,0.8333333333333334,,,,
google/gemma-4-E2B,22,ny,delta,12,0.06699085769559504,0.054279251485372215,0.16666666666666674,-0.033581628526952394,0.14993680144485796,-0.16666666666666666,0.5
google/gemma-4-E2B,22,plural,native,30,0.5073832056820131,0.31802642338276693,0.5666666666666667,,,,
google/gemma-4-E2B,22,plural,morphemic,30,0.6605180085832145,0.32600654592873707,1.0,,,,
google/gemma-4-E2B,22,plural,delta,30,0.1531348029012014,0.007980122545970136,0.43333333333333335,0.07722552845649308,0.2099038631528645,0.26666666666666666,0.6
google/gemma-4-E2B,22,plural_s,native,30,0.7699996215727858,0.4144271484818931,0.7333333333333333,,,,
google/gemma-4-E2B,22,plural_s,morphemic,30,0.8025657187419497,0.2638793611378371,0.9333333333333333,,,,
google/gemma-4-E2B,22,plural_s,delta,30,0.03256609716916392,-0.150547787344056,0.20000000000000007,-0.015068819974255196,0.07701236311867717,0.03333333333333333,0.36666666666666664
google/gemma-4-E2B,22,verb_em,native,25,0.605922240473117,0.24068437717544067,0.52,,,,
google/gemma-4-E2B,22,verb_em,morphemic,25,0.5967701572180283,0.25428393163626106,0.64,,,,
google/gemma-4-E2B,22,verb_em,delta,25,-0.009152083255088761,0.013599554460820396,0.12,-0.03880651169399517,0.021321019965205846,-0.040999999999999946,0.28
Qwen/Qwen2-1.5B,7,agent_dor,native,25,0.6965520937890566,0.13978761407889595,1.0,,,,
Qwen/Qwen2-1.5B,7,agent_dor,morphemic,25,0.6962055134202053,0.19604000367021604,0.96,,,,
Qwen/Qwen2-1.5B,7,agent_dor,delta,25,-0.0003465803688512681,0.05625238959132009,-0.040000000000000036,,,,
Qwen/Qwen2-1.5B,7,agent_er,native,25,0.6152558858963326,0.093949983870335,1.0,,,,
Qwen/Qwen2-1.5B,7,agent_er,morphemic,25,0.675240992937375,0.1575161651993164,1.0,,,,
Qwen/Qwen2-1.5B,7,agent_er,delta,25,0.05998510704104243,0.06356618132898141,0.0,,,,
Qwen/Qwen2-1.5B,7,cedilla,native,13,0.5471410921872333,0.286786506824236,0.8461538461538461,,,,
Qwen/Qwen2-1.5B,7,cedilla,morphemic,13,0.5400381381191864,0.29437570249093153,1.0,,,,
Qwen/Qwen2-1.5B,7,cedilla,delta,13,-0.007102954068046841,0.007589195666695525,0.15384615384615385,,,,
Qwen/Qwen2-1.5B,7,dim_et,native,30,0.4265924273600868,0.1266687807263827,1.0,,,,
Qwen/Qwen2-1.5B,7,dim_et,morphemic,30,0.5040618847288887,0.12423587271484254,1.0,,,,
Qwen/Qwen2-1.5B,7,dim_et,delta,30,0.0774694573688019,-0.002432908011540169,0.0,,,,
Qwen/Qwen2-1.5B,7,gem_lla,native,12,0.504641964026402,0.2627695566251893,1.0,,,,
Qwen/Qwen2-1.5B,7,gem_lla,morphemic,12,0.6016676223678573,0.27700886102624334,1.0,,,,
Qwen/Qwen2-1.5B,7,gem_lla,delta,12,0.09702565834145527,0.014239304401054032,0.0,,,,
Qwen/Qwen2-1.5B,7,gender_a,native,25,0.420124453602212,0.15242657497278606,1.0,,,,
Qwen/Qwen2-1.5B,7,gender_a,morphemic,25,0.5311939748049301,0.16910408213418202,1.0,,,,
Qwen/Qwen2-1.5B,7,gender_a,delta,25,0.11106952120271812,0.01667750716139596,0.0,,,,
Qwen/Qwen2-1.5B,7,ly,native,40,0.6791892064284679,0.10098878701395803,1.0,,,,
Qwen/Qwen2-1.5B,7,ly,morphemic,40,0.7322381863711027,0.13488851941219246,1.0,,,,
Qwen/Qwen2-1.5B,7,ly,delta,40,0.0530489799426348,0.03389973239823443,0.0,,,,
Qwen/Qwen2-1.5B,7,ment,native,40,0.5938546926868187,0.12588831624736893,1.0,,,,
Qwen/Qwen2-1.5B,7,ment,morphemic,40,0.5755394769758428,0.10277707269803031,1.0,,,,
Qwen/Qwen2-1.5B,7,ment,delta,40,-0.01831521571097583,-0.02311124354933862,0.0,,,,
Qwen/Qwen2-1.5B,7,nom_cio,native,24,0.842547500783725,0.15762758472119068,1.0,,,,
Qwen/Qwen2-1.5B,7,nom_cio,morphemic,24,0.7669412464935416,0.1375653814638877,1.0,,,,
Qwen/Qwen2-1.5B,7,nom_cio,delta,24,-0.07560625429018342,-0.020062203257302985,0.0,,,,
Qwen/Qwen2-1.5B,7,nom_tion,native,25,0.6486886690797599,0.11026367192105462,1.0,,,,
Qwen/Qwen2-1.5B,7,nom_tion,morphemic,25,0.629366968662273,0.11108677578272984,1.0,,,,
Qwen/Qwen2-1.5B,7,nom_tion,delta,25,-0.01932170041748682,0.0008231038616752229,0.0,,,,
Qwen/Qwen2-1.5B,7,ny,native,12,0.48909837627253455,0.23580974029869928,1.0,,,,
Qwen/Qwen2-1.5B,7,ny,morphemic,12,0.6100390695565896,0.22087625866180777,1.0,,,,
Qwen/Qwen2-1.5B,7,ny,delta,12,0.12094069328405505,-0.01493348163689151,0.0,,,,
Qwen/Qwen2-1.5B,7,plural,native,30,0.47006210759296285,0.1577058571245063,1.0,,,,
Qwen/Qwen2-1.5B,7,plural,morphemic,30,0.6079041907650794,0.15999358207685435,1.0,,,,
Qwen/Qwen2-1.5B,7,plural,delta,30,0.13784208317211655,0.0022877249523480525,0.0,,,,
Qwen/Qwen2-1.5B,7,plural_s,native,30,0.7453471080305394,0.09260444985674242,1.0,,,,
Qwen/Qwen2-1.5B,7,plural_s,morphemic,30,0.7975187530992172,0.11817105687832687,1.0,,,,
Qwen/Qwen2-1.5B,7,plural_s,delta,30,0.052171645068677774,0.025566607021584448,0.0,,,,
Qwen/Qwen2-1.5B,7,verb_em,native,25,0.6168643491462761,0.16529731851794546,1.0,,,,
Qwen/Qwen2-1.5B,7,verb_em,morphemic,25,0.6679569941727757,0.16594639499763464,1.0,,,,
Qwen/Qwen2-1.5B,7,verb_em,delta,25,0.05109264502649957,0.0006490764796891757,0.0,,,,
Qwen/Qwen2-1.5B,17,agent_dor,native,25,0.7207300744894528,0.16817706624619577,1.0,,,,
Qwen/Qwen2-1.5B,17,agent_dor,morphemic,25,0.7312444589978994,0.232593450032233,0.96,,,,
Qwen/Qwen2-1.5B,17,agent_dor,delta,25,0.01051438450844655,0.06441638378603723,-0.040000000000000036,,,,
Qwen/Qwen2-1.5B,17,agent_er,native,25,0.6635471782120552,0.10852652991224361,1.0,,,,
Qwen/Qwen2-1.5B,17,agent_er,morphemic,25,0.7583950488434265,0.21044341594620458,1.0,,,,
Qwen/Qwen2-1.5B,17,agent_er,delta,25,0.09484787063137123,0.10191688603396097,0.0,,,,
Qwen/Qwen2-1.5B,17,cedilla,native,13,0.5632293545991767,0.3062165932331696,0.9230769230769231,,,,
Qwen/Qwen2-1.5B,17,cedilla,morphemic,13,0.5480532217744294,0.28717259743373497,1.0,,,,
Qwen/Qwen2-1.5B,17,cedilla,delta,13,-0.01517613282474728,-0.01904399579943461,0.07692307692307687,,,,
Qwen/Qwen2-1.5B,17,dim_et,native,30,0.49627472031207226,0.1369853599195696,0.9666666666666667,,,,
Qwen/Qwen2-1.5B,17,dim_et,morphemic,30,0.5792106684876944,0.1530931573795065,1.0,,,,
Qwen/Qwen2-1.5B,17,dim_et,delta,30,0.08293594817562217,0.0161077974599369,0.033333333333333326,,,,
Qwen/Qwen2-1.5B,17,gem_lla,native,12,0.5276631037479455,0.23834543228227356,1.0,,,,
Qwen/Qwen2-1.5B,17,gem_lla,morphemic,12,0.6306886887100788,0.2622130514084315,1.0,,,,
Qwen/Qwen2-1.5B,17,gem_lla,delta,12,0.10302558496213332,0.023867619126157924,0.0,,,,
Qwen/Qwen2-1.5B,17,gender_a,native,25,0.4644310101026208,0.14431456905970447,1.0,,,,
Qwen/Qwen2-1.5B,17,gender_a,morphemic,25,0.6082696655459313,0.1757008541965352,1.0,,,,
Qwen/Qwen2-1.5B,17,gender_a,delta,25,0.14383865544331054,0.03138628513683073,0.0,,,,
Qwen/Qwen2-1.5B,17,ly,native,40,0.7076777722647367,0.16905095323512034,0.975,,,,
Qwen/Qwen2-1.5B,17,ly,morphemic,40,0.7789347251751132,0.16766895104400628,1.0,,,,
Qwen/Qwen2-1.5B,17,ly,delta,40,0.07125695291037648,-0.0013820021911140623,0.025000000000000022,,,,
Qwen/Qwen2-1.5B,17,ment,native,40,0.6020751027231042,0.14391943987723332,1.0,,,,
Qwen/Qwen2-1.5B,17,ment,morphemic,40,0.6042202899059081,0.11916573871770247,1.0,,,,
Qwen/Qwen2-1.5B,17,ment,delta,40,0.002145187182803987,-0.02475370115953085,0.0,,,,
Qwen/Qwen2-1.5B,17,nom_cio,native,24,0.8541263415444851,0.2099463958601677,1.0,,,,
Qwen/Qwen2-1.5B,17,nom_cio,morphemic,24,0.752935078255863,0.1568984450391009,1.0,,,,
Qwen/Qwen2-1.5B,17,nom_cio,delta,24,-0.10119126328862205,-0.05304795082106681,0.0,,,,
Qwen/Qwen2-1.5B,17,nom_tion,native,25,0.683051693655435,0.13348554286484401,1.0,,,,
Qwen/Qwen2-1.5B,17,nom_tion,morphemic,25,0.7132508308067389,0.15487284035601312,1.0,,,,
Qwen/Qwen2-1.5B,17,nom_tion,delta,25,0.030199137151303845,0.021387297491169105,0.0,,,,
Qwen/Qwen2-1.5B,17,ny,native,12,0.5153438649742269,0.2285127314140079,1.0,,,,
Qwen/Qwen2-1.5B,17,ny,morphemic,12,0.639341064368654,0.2714743419984106,1.0,,,,
Qwen/Qwen2-1.5B,17,ny,delta,12,0.1239971993944271,0.042961610584402676,0.0,,,,
Qwen/Qwen2-1.5B,17,plural,native,30,0.5066899329993844,0.16820642885674947,1.0,,,,
Qwen/Qwen2-1.5B,17,plural,morphemic,30,0.6911942820347499,0.1908412715925453,1.0,,,,
Qwen/Qwen2-1.5B,17,plural,delta,30,0.1845043490353655,0.02263484273579583,0.0,,,,
Qwen/Qwen2-1.5B,17,plural_s,native,30,0.8110767381792916,0.12785221389300075,1.0,,,,
Qwen/Qwen2-1.5B,17,plural_s,morphemic,30,0.8746797887424453,0.1457269013036835,1.0,,,,
Qwen/Qwen2-1.5B,17,plural_s,delta,30,0.06360305056315374,0.017874687410682738,0.0,,,,
Qwen/Qwen2-1.5B,17,verb_em,native,25,0.6709312040333089,0.19318461416185065,1.0,,,,
Qwen/Qwen2-1.5B,17,verb_em,morphemic,25,0.7062128197051838,0.19198691988451402,1.0,,,,
Qwen/Qwen2-1.5B,17,verb_em,delta,25,0.03528161567187493,-0.001197694277336625,0.0,,,,
Qwen/Qwen2-1.5B,26,agent_dor,native,25,0.6869053828708338,0.28009472816428654,0.96,,,,
Qwen/Qwen2-1.5B,26,agent_dor,morphemic,25,0.6318604164240521,0.20633219206402492,0.92,,,,
Qwen/Qwen2-1.5B,26,agent_dor,delta,25,-0.055044966446781696,-0.07376253610026162,-0.039999999999999925,-0.11484230229132496,0.016564970708890337,-0.16,0.08
Qwen/Qwen2-1.5B,26,agent_er,native,25,0.6117711397324068,0.1316862863945729,1.0,,,,
Qwen/Qwen2-1.5B,26,agent_er,morphemic,25,0.6264467708911821,0.3278051149600557,0.84,,,,
Qwen/Qwen2-1.5B,26,agent_er,delta,25,0.014675631158775237,0.19611882856548282,-0.16000000000000003,-0.05300854619104236,0.07532923890576958,-0.32,-0.04
Qwen/Qwen2-1.5B,26,cedilla,native,13,0.5076874045487897,0.29163269802233605,0.7692307692307693,,,,
Qwen/Qwen2-1.5B,26,cedilla,morphemic,13,0.4588257104094694,0.3528247455065682,0.8461538461538461,,,,
Qwen/Qwen2-1.5B,26,cedilla,delta,13,-0.04886169413932029,0.06119204748423218,0.07692307692307687,-0.09436313639642584,0.018422255556009532,0.0,0.23076923076923078
Qwen/Qwen2-1.5B,26,dim_et,native,30,0.37993262179091497,0.14158503492785496,0.8666666666666667,,,,
Qwen/Qwen2-1.5B,26,dim_et,morphemic,30,0.45936889438785755,0.19353941305004593,0.9333333333333333,,,,
Qwen/Qwen2-1.5B,26,dim_et,delta,30,0.07943627259694258,0.051954378122190975,0.06666666666666665,0.026450891542425387,0.11781232292308443,-0.06666666666666667,0.2
Qwen/Qwen2-1.5B,26,gem_lla,native,12,0.5094268877251925,0.24846790465675872,1.0,,,,
Qwen/Qwen2-1.5B,26,gem_lla,morphemic,12,0.5722398699639607,0.2725788865200921,1.0,,,,
Qwen/Qwen2-1.5B,26,gem_lla,delta,12,0.06281298223876819,0.02411098186333338,0.0,-0.021115647472665623,0.12990086889548427,0.0,0.0
Qwen/Qwen2-1.5B,26,gender_a,native,25,0.4419446318599484,0.15518347748862546,0.96,,,,
Qwen/Qwen2-1.5B,26,gender_a,morphemic,25,0.5422817514687653,0.1899680429270232,0.96,,,,
Qwen/Qwen2-1.5B,26,gender_a,delta,25,0.10033711960881692,0.03478456543839775,0.0,0.010387194459431317,0.16955713830189983,-0.12,0.12
Qwen/Qwen2-1.5B,26,ly,native,40,0.6248175296160489,0.12987031601357704,0.925,,,,
Qwen/Qwen2-1.5B,26,ly,morphemic,40,0.6737144067411668,0.19495719539049877,0.95,,,,
Qwen/Qwen2-1.5B,26,ly,delta,40,0.04889687712511792,0.06508687937692173,0.02499999999999991,0.004494723033781504,0.08409433461767,-0.075,0.125
Qwen/Qwen2-1.5B,26,ment,native,40,0.4776069198095662,0.164571637169649,0.85,,,,
Qwen/Qwen2-1.5B,26,ment,morphemic,40,0.5133983746364245,0.1428054512873181,0.975,,,,
Qwen/Qwen2-1.5B,26,ment,delta,40,0.03579145482685825,-0.021766185882330896,0.125,-0.013946552565479726,0.08193748079285426,0.0,0.25
Qwen/Qwen2-1.5B,26,nom_cio,native,24,0.8760634579801927,0.2667246213027118,0.9583333333333334,,,,
Qwen/Qwen2-1.5B,26,nom_cio,morphemic,24,0.6987756595420637,0.14677721030603505,0.8333333333333334,,,,
Qwen/Qwen2-1.5B,26,nom_cio,delta,24,-0.17728779843812903,-0.11994741099667675,-0.125,-0.22457124953222332,-0.10867238860289623,-0.2916666666666667,0.041666666666666664
Qwen/Qwen2-1.5B,26,nom_tion,native,25,0.6346242834432079,0.18513917436592447,1.0,,,,
Qwen/Qwen2-1.5B,26,nom_tion,morphemic,25,0.5966483123430263,0.2101294550148061,0.92,,,,
Qwen/Qwen2-1.5B,26,nom_tion,delta,25,-0.03797597110018158,0.02499028064888162,-0.07999999999999996,-0.09682755886867925,0.024451840757965262,-0.2,0.0
Qwen/Qwen2-1.5B,26,ny,native,12,0.477164610790626,0.287311054167518,1.0,,,,
Qwen/Qwen2-1.5B,26,ny,morphemic,12,0.5437971287644415,0.3796609655729757,1.0,,,,
Qwen/Qwen2-1.5B,26,ny,delta,12,0.06663251797381553,0.09234991140545767,0.0,-0.01291233272240991,0.1408677702339184,0.0,0.0
Qwen/Qwen2-1.5B,26,plural,native,30,0.42288815937187146,0.13821760980263012,0.9333333333333333,,,,
Qwen/Qwen2-1.5B,26,plural,morphemic,30,0.5906728125603445,0.1553578317396469,1.0,,,,
Qwen/Qwen2-1.5B,26,plural,delta,30,0.16778465318847308,0.01714022193701678,0.06666666666666665,0.10440396633457817,0.1997769616128567,0.0,0.16666666666666666
Qwen/Qwen2-1.5B,26,plural_s,native,30,0.6856206930054632,0.12314011963587944,1.0,,,,
Qwen/Qwen2-1.5B,26,plural_s,morphemic,30,0.7394351645017616,0.18570505374310645,1.0,,,,
Qwen/Qwen2-1.5B,26,plural_s,delta,30,0.053814471496298366,0.06256493410722701,0.0,0.02308980924975083,0.07640850250627293,0.0,0.0
Qwen/Qwen2-1.5B,26,verb_em,native,25,0.6814708105206659,0.19696537841535414,0.8,,,,
Qwen/Qwen2-1.5B,26,verb_em,morphemic,25,0.7147916704337693,0.22342772074693837,0.96,,,,
Qwen/Qwen2-1.5B,26,verb_em,delta,25,0.03332085991310341,0.026462342331584232,0.15999999999999992,-0.021884148091814777,0.07805512203070504,0.04,0.32
Qwen/Qwen3.5-4B-Base,9,agent_dor,native,25,0.6695371802576389,0.20263073059137307,0.96,,,,
Qwen/Qwen3.5-4B-Base,9,agent_dor,morphemic,25,0.6833189876217445,0.14500975234743346,1.0,,,,
Qwen/Qwen3.5-4B-Base,9,agent_dor,delta,25,0.013781807364105614,-0.05762097824393961,0.040000000000000036,,,,
Qwen/Qwen3.5-4B-Base,9,agent_er,native,25,0.6733839029301094,0.1167680240264505,1.0,,,,
Qwen/Qwen3.5-4B-Base,9,agent_er,morphemic,25,0.7345108869240907,0.1713621849883574,1.0,,,,
Qwen/Qwen3.5-4B-Base,9,agent_er,delta,25,0.06112698399398131,0.05459416096190689,0.0,,,,
Qwen/Qwen3.5-4B-Base,9,cedilla,native,13,0.5169396891265376,0.20426948320798202,1.0,,,,
Qwen/Qwen3.5-4B-Base,9,cedilla,morphemic,13,0.5832593271582007,0.2195240995543328,1.0,,,,
Qwen/Qwen3.5-4B-Base,9,cedilla,delta,13,0.06631963803166308,0.01525461634635078,0.0,,,,
Qwen/Qwen3.5-4B-Base,9,dim_et,native,30,0.47755482575749697,0.14201822971485462,0.9666666666666667,,,,
Qwen/Qwen3.5-4B-Base,9,dim_et,morphemic,30,0.5553591855856153,0.1493963473556907,1.0,,,,
Qwen/Qwen3.5-4B-Base,9,dim_et,delta,30,0.07780435982811829,0.007378117640836096,0.033333333333333326,,,,
Qwen/Qwen3.5-4B-Base,9,gem_lla,native,12,0.5714150428012675,0.22859284893700793,1.0,,,,
Qwen/Qwen3.5-4B-Base,9,gem_lla,morphemic,12,0.6470030304087961,0.2245785560184663,1.0,,,,
Qwen/Qwen3.5-4B-Base,9,gem_lla,delta,12,0.0755879876075286,-0.004014292918541634,0.0,,,,
Qwen/Qwen3.5-4B-Base,9,gender_a,native,25,0.48653769072479763,0.16540413196445572,0.96,,,,
Qwen/Qwen3.5-4B-Base,9,gender_a,morphemic,25,0.6122494836281619,0.17840414619981618,1.0,,,,
Qwen/Qwen3.5-4B-Base,9,gender_a,delta,25,0.12571179290336426,0.013000014235360458,0.040000000000000036,,,,
Qwen/Qwen3.5-4B-Base,9,ly,native,40,0.7129548295192478,0.14365520597333664,1.0,,,,
Qwen/Qwen3.5-4B-Base,9,ly,morphemic,40,0.7446073634000347,0.1838377750406809,1.0,,,,
Qwen/Qwen3.5-4B-Base,9,ly,delta,40,0.031652533880786926,0.04018256906734427,0.0,,,,
Qwen/Qwen3.5-4B-Base,9,ment,native,40,0.5896768152307021,0.10624420232007581,0.975,,,,
Qwen/Qwen3.5-4B-Base,9,ment,morphemic,40,0.6053756417077669,0.13651604374018825,1.0,,,,
Qwen/Qwen3.5-4B-Base,9,ment,delta,40,0.015698826477064776,0.03027184142011244,0.025000000000000022,,,,
Qwen/Qwen3.5-4B-Base,9,nom_cio,native,24,0.7117272828532922,0.14070235328712846,1.0,,,,
Qwen/Qwen3.5-4B-Base,9,nom_cio,morphemic,24,0.7248902484772547,0.12263716760665959,1.0,,,,
Qwen/Qwen3.5-4B-Base,9,nom_cio,delta,24,0.013162965623962464,-0.018065185680468873,0.0,,,,
Qwen/Qwen3.5-4B-Base,9,nom_tion,native,25,0.6975276903669437,0.12069862577098556,1.0,,,,
Qwen/Qwen3.5-4B-Base,9,nom_tion,morphemic,25,0.7327343517245377,0.13437369829085688,1.0,,,,
Qwen/Qwen3.5-4B-Base,9,nom_tion,delta,25,0.03520666135759398,0.013675072519871323,0.0,,,,
Qwen/Qwen3.5-4B-Base,9,ny,native,12,0.5237309508842602,0.19104018536740072,1.0,,,,
Qwen/Qwen3.5-4B-Base,9,ny,morphemic,12,0.6047715579799097,0.23204040674559334,1.0,,,,
Qwen/Qwen3.5-4B-Base,9,ny,delta,12,0.08104060709564942,0.04100022137819262,0.0,,,,
Qwen/Qwen3.5-4B-Base,9,plural,native,30,0.5194032926388835,0.19136782509458328,0.9666666666666667,,,,
Qwen/Qwen3.5-4B-Base,9,plural,morphemic,30,0.6647142883072227,0.11550989756269302,1.0,,,,
Qwen/Qwen3.5-4B-Base,9,plural,delta,30,0.14531099566833916,-0.07585792753189026,0.033333333333333326,,,,
Qwen/Qwen3.5-4B-Base,9,plural_s,native,30,0.7943269007834322,0.09859977434373483,1.0,,,,
Qwen/Qwen3.5-4B-Base,9,plural_s,morphemic,30,0.830019209747319,0.16740274277485415,1.0,,,,
Qwen/Qwen3.5-4B-Base,9,plural_s,delta,30,0.035692308963886865,0.06880296843111931,0.0,,,,
Qwen/Qwen3.5-4B-Base,9,verb_em,native,25,0.6914913672543256,0.1785055674206709,0.92,,,,
Qwen/Qwen3.5-4B-Base,9,verb_em,morphemic,25,0.7122743737986633,0.17724397118814322,1.0,,,,
Qwen/Qwen3.5-4B-Base,9,verb_em,delta,25,0.020783006544337734,-0.0012615962325276675,0.07999999999999996,,,,
Qwen/Qwen3.5-4B-Base,22,agent_dor,native,25,0.6833956345519576,0.2126443356109511,0.96,,,,
Qwen/Qwen3.5-4B-Base,22,agent_dor,morphemic,25,0.6881035679355253,0.1583232955271014,1.0,,,,
Qwen/Qwen3.5-4B-Base,22,agent_dor,delta,25,0.004707933383567675,-0.05432104008384972,0.040000000000000036,,,,
Qwen/Qwen3.5-4B-Base,22,agent_er,native,25,0.6908949347114641,0.13290372885879537,1.0,,,,
Qwen/Qwen3.5-4B-Base,22,agent_er,morphemic,25,0.7233951143695275,0.263293210107012,0.96,,,,
Qwen/Qwen3.5-4B-Base,22,agent_er,delta,25,0.0325001796580634,0.13038948124821664,-0.040000000000000036,,,,
Qwen/Qwen3.5-4B-Base,22,cedilla,native,13,0.5092545196529368,0.25759136212852407,1.0,,,,
Qwen/Qwen3.5-4B-Base,22,cedilla,morphemic,13,0.549855925696182,0.28309640836428257,1.0,,,,
Qwen/Qwen3.5-4B-Base,22,cedilla,delta,13,0.04060140604324525,0.0255050462357585,0.0,,,,
Qwen/Qwen3.5-4B-Base,22,dim_et,native,30,0.48884065067033894,0.19978529921481192,0.9666666666666667,,,,
Qwen/Qwen3.5-4B-Base,22,dim_et,morphemic,30,0.5653217420995643,0.2429839761954586,1.0,,,,
Qwen/Qwen3.5-4B-Base,22,dim_et,delta,30,0.07648109142922538,0.043198676980646694,0.033333333333333326,,,,
Qwen/Qwen3.5-4B-Base,22,gem_lla,native,12,0.5446370783136,0.2692070654833733,1.0,,,,
Qwen/Qwen3.5-4B-Base,22,gem_lla,morphemic,12,0.6368086523519445,0.42355640429617364,1.0,,,,
Qwen/Qwen3.5-4B-Base,22,gem_lla,delta,12,0.09217157403834453,0.15434933881280033,0.0,,,,
Qwen/Qwen3.5-4B-Base,22,gender_a,native,25,0.4906579257572535,0.1798400636026483,1.0,,,,
Qwen/Qwen3.5-4B-Base,22,gender_a,morphemic,25,0.6174019848901569,0.2213323470991868,0.96,,,,
Qwen/Qwen3.5-4B-Base,22,gender_a,delta,25,0.12674405913290337,0.04149228349653852,-0.040000000000000036,,,,
Qwen/Qwen3.5-4B-Base,22,ly,native,40,0.7150791235227907,0.1520285224334742,0.975,,,,
Qwen/Qwen3.5-4B-Base,22,ly,morphemic,40,0.724029179447734,0.2240634603690918,1.0,,,,
Qwen/Qwen3.5-4B-Base,22,ly,delta,40,0.008950055924943356,0.0720349379356176,0.025000000000000022,,,,
Qwen/Qwen3.5-4B-Base,22,ment,native,40,0.5745056972152431,0.14977602831466563,0.975,,,,
Qwen/Qwen3.5-4B-Base,22,ment,morphemic,40,0.6064310690233142,0.16359002393260283,1.0,,,,
Qwen/Qwen3.5-4B-Base,22,ment,delta,40,0.03192537180807109,0.013813995617937197,0.025000000000000022,,,,
Qwen/Qwen3.5-4B-Base,22,nom_cio,native,24,0.7618330171370916,0.15450954247636123,1.0,,,,
Qwen/Qwen3.5-4B-Base,22,nom_cio,morphemic,24,0.7587222713021564,0.130966244455437,1.0,,,,
Qwen/Qwen3.5-4B-Base,22,nom_cio,delta,24,-0.0031107458349352024,-0.023543298020924225,0.0,,,,
Qwen/Qwen3.5-4B-Base,22,nom_tion,native,25,0.7075206446498575,0.15779430159207664,1.0,,,,
Qwen/Qwen3.5-4B-Base,22,nom_tion,morphemic,25,0.7160312051250506,0.22330829819461337,1.0,,,,
Qwen/Qwen3.5-4B-Base,22,nom_tion,delta,25,0.008510560475193052,0.06551399660253673,0.0,,,,
Qwen/Qwen3.5-4B-Base,22,ny,native,12,0.4870237474372126,0.2741295574658473,1.0,,,,
Qwen/Qwen3.5-4B-Base,22,ny,morphemic,12,0.5643300536245833,0.3492873774977993,1.0,,,,
Qwen/Qwen3.5-4B-Base,22,ny,delta,12,0.07730630618737072,0.07515782003195204,0.0,,,,
Qwen/Qwen3.5-4B-Base,22,plural,native,30,0.5052120189096205,0.17230356866844815,0.9666666666666667,,,,
Qwen/Qwen3.5-4B-Base,22,plural,morphemic,30,0.6733100231734618,0.14462309468920365,1.0,,,,
Qwen/Qwen3.5-4B-Base,22,plural,delta,30,0.16809800426384125,-0.027680473979244502,0.033333333333333326,,,,
Qwen/Qwen3.5-4B-Base,22,plural_s,native,30,0.7739359522613617,0.15617617252803914,1.0,,,,
Qwen/Qwen3.5-4B-Base,22,plural_s,morphemic,30,0.8078783719577102,0.17619674543225855,1.0,,,,
Qwen/Qwen3.5-4B-Base,22,plural_s,delta,30,0.03394241969634848,0.020020572904219408,0.0,,,,
Qwen/Qwen3.5-4B-Base,22,verb_em,native,25,0.7007705789798799,0.20770744283926187,0.92,,,,
Qwen/Qwen3.5-4B-Base,22,verb_em,morphemic,25,0.7111725290383041,0.20593918762791785,1.0,,,,
Qwen/Qwen3.5-4B-Base,22,verb_em,delta,25,0.010401950058424148,-0.001768255211344022,0.07999999999999996,,,,
Qwen/Qwen3.5-4B-Base,32,agent_dor,native,25,0.5998187636912863,0.3100469598968642,0.76,,,,
Qwen/Qwen3.5-4B-Base,32,agent_dor,morphemic,25,0.609036851384345,0.23924173379143626,0.92,,,,
Qwen/Qwen3.5-4B-Base,32,agent_dor,delta,25,0.009218087693058763,-0.07080522610542794,0.16000000000000003,-0.06929121461231896,0.08757903946395945,0.0,0.36
Qwen/Qwen3.5-4B-Base,32,agent_er,native,25,0.6300984139996876,0.14322422275180402,0.84,,,,
Qwen/Qwen3.5-4B-Base,32,agent_er,morphemic,25,0.6208945816621467,0.4580951051690231,0.8,,,,
Qwen/Qwen3.5-4B-Base,32,agent_er,delta,25,-0.009203832337540852,0.31487088241721906,-0.039999999999999925,-0.06525322905090865,0.049233831228680774,-0.24,0.16
Qwen/Qwen3.5-4B-Base,32,cedilla,native,13,0.43173206107307244,0.40695164223362673,0.38461538461538464,,,,
Qwen/Qwen3.5-4B-Base,32,cedilla,morphemic,13,0.45739025958962237,0.43426995619405234,0.7692307692307693,,,,
Qwen/Qwen3.5-4B-Base,32,cedilla,delta,13,0.025658198516549935,0.02731831396042561,0.38461538461538464,-0.05202430219744174,0.09587133326571222,0.15384615384615385,0.6923076923076923
Qwen/Qwen3.5-4B-Base,32,dim_et,native,30,0.3584379870335843,0.2737849443042009,0.6666666666666666,,,,
Qwen/Qwen3.5-4B-Base,32,dim_et,morphemic,30,0.4243418267101685,0.3633528835581874,0.8666666666666667,,,,
Qwen/Qwen3.5-4B-Base,32,dim_et,delta,30,0.0659038396765842,0.08956793925398648,0.20000000000000007,-4.169783988509549e-05,0.12471394070403294,0.03333333333333333,0.36666666666666664
Qwen/Qwen3.5-4B-Base,32,gem_lla,native,12,0.5002797029678212,0.28809048086157496,1.0,,,,
Qwen/Qwen3.5-4B-Base,32,gem_lla,morphemic,12,0.5742860785230967,0.3746549408302055,1.0,,,,
Qwen/Qwen3.5-4B-Base,32,gem_lla,delta,12,0.07400637555527545,0.08656445996863055,0.0,-0.0853562358294362,0.20821381749023854,0.0,0.0
Qwen/Qwen3.5-4B-Base,32,gender_a,native,25,0.4964042398047357,0.18706057680548147,0.76,,,,
Qwen/Qwen3.5-4B-Base,32,gender_a,morphemic,25,0.5921299579362214,0.2621097369281786,0.88,,,,
Qwen/Qwen3.5-4B-Base,32,gender_a,delta,25,0.09572571813148567,0.07504916012269716,0.12,0.007108815243325914,0.1727836762015724,-0.04,0.28
Qwen/Qwen3.5-4B-Base,32,ly,native,40,0.6948701182056691,0.13771883256044418,0.9,,,,
Qwen/Qwen3.5-4B-Base,32,ly,morphemic,40,0.69134237977605,0.28891799808151875,0.95,,,,
Qwen/Qwen3.5-4B-Base,32,ly,delta,40,-0.003527738429619176,0.15119916552107457,0.04999999999999993,-0.05849936262949094,0.049439064718410454,-0.075,0.175
Qwen/Qwen3.5-4B-Base,32,ment,native,40,0.5003994205798888,0.2470748402588876,0.825,,,,
Qwen/Qwen3.5-4B-Base,32,ment,morphemic,40,0.5967144690861745,0.22847687190706742,0.875,,,,
Qwen/Qwen3.5-4B-Base,32,ment,delta,40,0.0963150485062857,-0.018597968351820177,0.050000000000000044,0.026785297560203095,0.15288573686018517,-0.1,0.2
Qwen/Qwen3.5-4B-Base,32,nom_cio,native,24,0.7121544670977626,0.2143857626232733,0.9166666666666666,,,,
Qwen/Qwen3.5-4B-Base,32,nom_cio,morphemic,24,0.7019655004366278,0.20754732751640068,0.9583333333333334,,,,
Qwen/Qwen3.5-4B-Base,32,nom_cio,delta,24,-0.01018896666113489,-0.006838435106872626,0.04166666666666674,-0.04936154798352673,0.026650375584589686,-0.08333333333333333,0.16666666666666666
Qwen/Qwen3.5-4B-Base,32,nom_tion,native,25,0.6412173319049418,0.24317424615243993,0.96,,,,
Qwen/Qwen3.5-4B-Base,32,nom_tion,morphemic,25,0.6338387309801518,0.24881295479727966,0.72,,,,
Qwen/Qwen3.5-4B-Base,32,nom_tion,delta,25,-0.007378600924790035,0.0056387086448397294,-0.24,-0.06611321407229354,0.050663864579475894,-0.4,-0.08
Qwen/Qwen3.5-4B-Base,32,ny,native,12,0.456698014035917,0.32834225874139833,0.8333333333333334,,,,
Qwen/Qwen3.5-4B-Base,32,ny,morphemic,12,0.46056680406858214,0.3983737073199912,1.0,,,,
Qwen/Qwen3.5-4B-Base,32,ny,delta,12,0.003868790032665159,0.07003144857859289,0.16666666666666663,-0.053372922176498326,0.07134595367126066,0.0,0.4166666666666667
Qwen/Qwen3.5-4B-Base,32,plural,native,30,0.482713623006345,0.19273008104069023,0.6333333333333333,,,,
Qwen/Qwen3.5-4B-Base,32,plural,morphemic,30,0.6465484481866297,0.1549048212798652,1.0,,,,
Qwen/Qwen3.5-4B-Base,32,plural,delta,30,0.1638348251802847,-0.037825259760825014,0.3666666666666667,0.10059832411406314,0.2069008470917199,0.2,0.5333333333333333
Qwen/Qwen3.5-4B-Base,32,plural_s,native,30,0.7030171127721925,0.14847681711095828,1.0,,,,
Qwen/Qwen3.5-4B-Base,32,plural_s,morphemic,30,0.7668936438904496,0.15263659645344743,1.0,,,,
Qwen/Qwen3.5-4B-Base,32,plural_s,delta,30,0.06387653111825708,0.0041597793424891505,0.0,0.041016438542060885,0.07967277915662904,0.0,0.0
Qwen/Qwen3.5-4B-Base,32,verb_em,native,25,0.6836170317779953,0.27171789727161494,0.6,,,,
Qwen/Qwen3.5-4B-Base,32,verb_em,morphemic,25,0.7011407297556194,0.3273926928186441,0.72,,,,
Qwen/Qwen3.5-4B-Base,32,verb_em,delta,25,0.017523697977624098,0.05567479554702914,0.12,-0.03711326987141081,0.06381834759319442,-0.08,0.32
BSC-LT/salamandra-2b,6,agent_dor,native,25,0.6230017495097071,0.09619490902965468,1.0,,,,
BSC-LT/salamandra-2b,6,agent_dor,morphemic,25,0.755581096541995,0.11038618932210495,1.0,,,,
BSC-LT/salamandra-2b,6,agent_dor,delta,25,0.1325793470322879,0.014191280292450273,0.0,,,,
BSC-LT/salamandra-2b,6,agent_er,native,25,0.5214455555880525,0.09367773793249164,1.0,,,,
BSC-LT/salamandra-2b,6,agent_er,morphemic,25,0.7741863919900976,0.21964107556481816,1.0,,,,
BSC-LT/salamandra-2b,6,agent_er,delta,25,0.25274083640204514,0.12596333763232653,0.0,,,,
BSC-LT/salamandra-2b,6,cedilla,native,13,0.43628507861101806,0.18012275990597865,1.0,,,,
BSC-LT/salamandra-2b,6,cedilla,morphemic,13,0.5989820266323987,0.259535997345849,0.9230769230769231,,,,
BSC-LT/salamandra-2b,6,cedilla,delta,13,0.16269694802138068,0.07941323743987033,-0.07692307692307687,,,,
BSC-LT/salamandra-2b,6,dim_et,native,30,0.3571446845497167,0.0859807796172422,0.9333333333333333,,,,
BSC-LT/salamandra-2b,6,dim_et,morphemic,30,0.6380838700428028,0.2141382986478029,0.8666666666666667,,,,
BSC-LT/salamandra-2b,6,dim_et,delta,30,0.28093918549308605,0.12815751903056072,-0.06666666666666665,,,,
BSC-LT/salamandra-2b,6,gem_lla,native,12,0.4509173233650663,0.22953760185904093,1.0,,,,
BSC-LT/salamandra-2b,6,gem_lla,morphemic,12,0.7061319365197075,0.31850957492891513,1.0,,,,
BSC-LT/salamandra-2b,6,gem_lla,delta,12,0.2552146131546412,0.0889719730698742,0.0,,,,
BSC-LT/salamandra-2b,6,gender_a,native,25,0.40013084829314755,0.09790445441726389,1.0,,,,
BSC-LT/salamandra-2b,6,gender_a,morphemic,25,0.7630165668903774,0.2061765362032429,0.96,,,,
BSC-LT/salamandra-2b,6,gender_a,delta,25,0.3628857185972299,0.108272081785979,-0.040000000000000036,,,,
BSC-LT/salamandra-2b,6,ly,native,40,0.5613397710285025,0.0913783807364886,1.0,,,,
BSC-LT/salamandra-2b,6,ly,morphemic,40,0.8196782491709197,0.13323318214933177,1.0,,,,
BSC-LT/salamandra-2b,6,ly,delta,40,0.25833847814241717,0.04185480141284317,0.0,,,,
BSC-LT/salamandra-2b,6,ment,native,40,0.4968669857544697,0.08734436067053647,0.95,,,,
BSC-LT/salamandra-2b,6,ment,morphemic,40,0.6662144571274246,0.10199293583820161,1.0,,,,
BSC-LT/salamandra-2b,6,ment,delta,40,0.16934747137295486,0.014648575167665143,0.050000000000000044,,,,
BSC-LT/salamandra-2b,6,nom_cio,native,24,0.6402356474836575,0.09255987456554814,1.0,,,,
BSC-LT/salamandra-2b,6,nom_cio,morphemic,24,0.8205559454904833,0.10490147859345403,1.0,,,,
BSC-LT/salamandra-2b,6,nom_cio,delta,24,0.1803202980068258,0.012341604027905892,0.0,,,,
BSC-LT/salamandra-2b,6,nom_tion,native,25,0.5731700161880917,0.1021231061566076,1.0,,,,
BSC-LT/salamandra-2b,6,nom_tion,morphemic,25,0.5611881714696013,0.1112703756871201,1.0,,,,
BSC-LT/salamandra-2b,6,nom_tion,delta,25,-0.011981844718490398,0.009147269530512508,0.0,,,,
BSC-LT/salamandra-2b,6,ny,native,12,0.385503872541008,0.17287768472947213,1.0,,,,
BSC-LT/salamandra-2b,6,ny,morphemic,12,0.6605316777888938,0.2522538073983747,1.0,,,,
BSC-LT/salamandra-2b,6,ny,delta,12,0.2750278052478858,0.0793761226689026,0.0,,,,
BSC-LT/salamandra-2b,6,plural,native,30,0.4308637018127256,0.0863138440366874,1.0,,,,
BSC-LT/salamandra-2b,6,plural,morphemic,30,0.699866100380529,0.45179669381868687,1.0,,,,
BSC-LT/salamandra-2b,6,plural,delta,30,0.2690023985678034,0.36548284978199946,0.0,,,,
BSC-LT/salamandra-2b,6,plural_s,native,30,0.5516407097042164,0.10367298003180724,1.0,,,,
BSC-LT/salamandra-2b,6,plural_s,morphemic,30,0.8145690622885616,0.11030281517019072,1.0,,,,
BSC-LT/salamandra-2b,6,plural_s,delta,30,0.2629283525843452,0.006629835138383486,0.0,,,,
BSC-LT/salamandra-2b,6,verb_em,native,25,0.6142151729181751,0.11099875054501984,1.0,,,,
BSC-LT/salamandra-2b,6,verb_em,morphemic,25,0.7408467170822507,0.12622193427018416,0.96,,,,
BSC-LT/salamandra-2b,6,verb_em,delta,25,0.12663154416407563,0.015223183725164319,-0.040000000000000036,,,,
BSC-LT/salamandra-2b,14,agent_dor,native,25,0.6436885140126628,0.12833537220951127,0.96,,,,
BSC-LT/salamandra-2b,14,agent_dor,morphemic,25,0.7878174797812442,0.1344704765721194,1.0,,,,
BSC-LT/salamandra-2b,14,agent_dor,delta,25,0.14412896576858136,0.00613510436260814,0.040000000000000036,,,,
BSC-LT/salamandra-2b,14,agent_er,native,25,0.6135003144159225,0.1284506904906923,1.0,,,,
BSC-LT/salamandra-2b,14,agent_er,morphemic,25,0.8218291829746933,0.29644281447218657,0.96,,,,
BSC-LT/salamandra-2b,14,agent_er,delta,25,0.20832886855877086,0.16799212398149427,-0.040000000000000036,,,,
BSC-LT/salamandra-2b,14,cedilla,native,13,0.4682052279094132,0.3198743976965878,1.0,,,,
BSC-LT/salamandra-2b,14,cedilla,morphemic,13,0.6437211531513557,0.2610587366533189,1.0,,,,
BSC-LT/salamandra-2b,14,cedilla,delta,13,0.17551592524194248,-0.05881566104326891,0.0,,,,
BSC-LT/salamandra-2b,14,dim_et,native,30,0.41787160076389046,0.16802482765775928,0.9333333333333333,,,,
BSC-LT/salamandra-2b,14,dim_et,morphemic,30,0.6728335108622568,0.24479574055406125,0.9,,,,
BSC-LT/salamandra-2b,14,dim_et,delta,30,0.2549619100983664,0.07677091289630197,-0.033333333333333326,,,,
BSC-LT/salamandra-2b,14,gem_lla,native,12,0.5239034469489573,0.20583557158422053,1.0,,,,
BSC-LT/salamandra-2b,14,gem_lla,morphemic,12,0.6828426605000161,0.404842438861238,1.0,,,,
BSC-LT/salamandra-2b,14,gem_lla,delta,12,0.15893921355105878,0.19900686727701747,0.0,,,,
BSC-LT/salamandra-2b,14,gender_a,native,25,0.49069718427825665,0.13512071061895545,1.0,,,,
BSC-LT/salamandra-2b,14,gender_a,morphemic,25,0.776829624738553,0.25107995743896283,0.84,,,,
BSC-LT/salamandra-2b,14,gender_a,delta,25,0.28613244046029634,0.11595924682000738,-0.16000000000000003,,,,
BSC-LT/salamandra-2b,14,ly,native,40,0.6568523863076957,0.18437743280610602,0.975,,,,
BSC-LT/salamandra-2b,14,ly,morphemic,40,0.8516596589861134,0.19889765176606047,1.0,,,,
BSC-LT/salamandra-2b,14,ly,delta,40,0.1948072726784177,0.01452021895995445,0.025000000000000022,,,,
BSC-LT/salamandra-2b,14,ment,native,40,0.535684998892491,0.10444733365914355,0.975,,,,
BSC-LT/salamandra-2b,14,ment,morphemic,40,0.6136338985487614,0.11921442127869944,1.0,,,,
BSC-LT/salamandra-2b,14,ment,delta,40,0.07794889965627039,0.014767087619555891,0.025000000000000022,,,,
BSC-LT/salamandra-2b,14,nom_cio,native,24,0.6408729622498786,0.12270174325470626,0.9583333333333334,,,,
BSC-LT/salamandra-2b,14,nom_cio,morphemic,24,0.8059290029248735,0.14156828471170152,0.9583333333333334,,,,
BSC-LT/salamandra-2b,14,nom_cio,delta,24,0.1650560406749949,0.01886654145699526,0.0,,,,
BSC-LT/salamandra-2b,14,nom_tion,native,25,0.6491007099596626,0.15954177237964623,1.0,,,,
BSC-LT/salamandra-2b,14,nom_tion,morphemic,25,0.6225509413728263,0.17725141953995874,1.0,,,,
BSC-LT/salamandra-2b,14,nom_tion,delta,25,-0.02654976858683633,0.01770964716031251,0.0,,,,
BSC-LT/salamandra-2b,14,ny,native,12,0.4295098565796816,0.20959095947085052,1.0,,,,
BSC-LT/salamandra-2b,14,ny,morphemic,12,0.6554919720934674,0.3570327266540028,1.0,,,,
BSC-LT/salamandra-2b,14,ny,delta,12,0.22598211551378583,0.1474417671831523,0.0,,,,
BSC-LT/salamandra-2b,14,plural,native,30,0.5514794282417678,0.15237878998379395,1.0,,,,
BSC-LT/salamandra-2b,14,plural,morphemic,30,0.72916789315795,0.44761797694412475,1.0,,,,
BSC-LT/salamandra-2b,14,plural,delta,30,0.1776884649161823,0.2952391869603308,0.0,,,,
BSC-LT/salamandra-2b,14,plural_s,native,30,0.7155259861770643,0.12920308256879237,1.0,,,,
BSC-LT/salamandra-2b,14,plural_s,morphemic,30,0.8850378904283677,0.1538589119837921,1.0,,,,
BSC-LT/salamandra-2b,14,plural_s,delta,30,0.16951190425130336,0.02465582941499972,0.0,,,,
BSC-LT/salamandra-2b,14,verb_em,native,25,0.606638906173671,0.13500684743257355,0.96,,,,
BSC-LT/salamandra-2b,14,verb_em,morphemic,25,0.7731626618910795,0.14147397529555011,0.96,,,,
BSC-LT/salamandra-2b,14,verb_em,delta,25,0.16652375571740852,0.006467127862976568,0.0,,,,
BSC-LT/salamandra-2b,21,agent_dor,native,25,0.6046536137964523,0.13952724593991075,0.96,,,,
BSC-LT/salamandra-2b,21,agent_dor,morphemic,25,0.7726550854495448,0.16960677297986992,0.88,,,,
BSC-LT/salamandra-2b,21,agent_dor,delta,25,0.16800147165309243,0.03007952703995917,-0.07999999999999996,0.114524295173195,0.2010288840135798,-0.24,0.08
BSC-LT/salamandra-2b,21,agent_er,native,25,0.566116824790269,0.1535773700339515,0.8,,,,
BSC-LT/salamandra-2b,21,agent_er,morphemic,25,0.8225063702537934,0.4145106192718906,0.8,,,,
BSC-LT/salamandra-2b,21,agent_er,delta,25,0.2563895454635243,0.2609332492379391,0.0,0.16426657860923255,0.3130811937161282,-0.2,0.2
BSC-LT/salamandra-2b,21,cedilla,native,13,0.45716570596429273,0.30936295919942797,0.7692307692307693,,,,
BSC-LT/salamandra-2b,21,cedilla,morphemic,13,0.6201145488456833,0.2758390392838582,0.7692307692307693,,,,
BSC-LT/salamandra-2b,21,cedilla,delta,13,0.16294884288139055,-0.033523919915569744,0.0,0.07376949294568291,0.20994190249917533,-0.3076923076923077,0.3076923076923077
BSC-LT/salamandra-2b,21,dim_et,native,30,0.3677873687228209,0.16104080643604174,0.7666666666666667,,,,
BSC-LT/salamandra-2b,21,dim_et,morphemic,30,0.61743273678897,0.24563753023347085,0.7333333333333333,,,,
BSC-LT/salamandra-2b,21,dim_et,delta,30,0.24964536806614912,0.08459672379742911,-0.03333333333333344,0.18022561155592834,0.2829967642140975,-0.23333333333333334,0.16666666666666666
BSC-LT/salamandra-2b,21,gem_lla,native,12,0.4783628149837172,0.21338029210054324,1.0,,,,
BSC-LT/salamandra-2b,21,gem_lla,morphemic,12,0.6513346719895251,0.449092374934692,1.0,,,,
BSC-LT/salamandra-2b,21,gem_lla,delta,12,0.17297185700580792,0.23571208283414877,0.0,0.04335042268239381,0.26401746546507987,0.0,0.0
BSC-LT/salamandra-2b,21,gender_a,native,25,0.5339499420806759,0.14036200589839087,0.84,,,,
BSC-LT/salamandra-2b,21,gender_a,morphemic,25,0.8074188419129004,0.21971207891740208,0.84,,,,
BSC-LT/salamandra-2b,21,gender_a,delta,25,0.27346889983222444,0.0793500730190112,0.0,0.19614674310712896,0.31688346480551205,-0.2,0.16
BSC-LT/salamandra-2b,21,ly,native,40,0.6210213631248791,0.13014784153678383,0.775,,,,
BSC-LT/salamandra-2b,21,ly,morphemic,40,0.803927581155242,0.2626106569066175,0.95,,,,
BSC-LT/salamandra-2b,21,ly,delta,40,0.1829062180303629,0.13246281536983368,0.17499999999999993,0.1187280780430784,0.23316218737988814,0.05,0.325
BSC-LT/salamandra-2b,21,ment,native,40,0.5311741598492677,0.10589147477188081,0.625,,,,
BSC-LT/salamandra-2b,21,ment,morphemic,40,0.5270930229330612,0.15842354293367727,0.95,,,,
BSC-LT/salamandra-2b,21,ment,delta,40,-0.004081136916206596,0.052532068161796466,0.32499999999999996,-0.04148113889457899,0.04206801854440134,0.175,0.475
BSC-LT/salamandra-2b,21,nom_cio,native,24,0.6339561557644641,0.12163507574167691,0.9166666666666666,,,,
BSC-LT/salamandra-2b,21,nom_cio,morphemic,24,0.7809660681789491,0.19961548015763983,0.9166666666666666,,,,
BSC-LT/salamandra-2b,21,nom_cio,delta,24,0.14700991241448502,0.07798040441596292,0.0,0.10823982187197904,0.16435509070517743,-0.16666666666666666,0.16666666666666666
BSC-LT/salamandra-2b,21,nom_tion,native,25,0.6122367002816455,0.2624810631618724,0.96,,,,
BSC-LT/salamandra-2b,21,nom_tion,morphemic,25,0.597059795613401,0.22870030449765225,0.84,,,,
BSC-LT/salamandra-2b,21,nom_tion,delta,25,-0.015176904668244506,-0.03378075866422017,-0.12,-0.06503927419937168,0.034699899691683314,-0.28099999999999997,0.04
BSC-LT/salamandra-2b,21,ny,native,12,0.44129212310451615,0.22408853738101375,1.0,,,,
BSC-LT/salamandra-2b,21,ny,morphemic,12,0.6571392436695629,0.4988307185280359,1.0,,,,
BSC-LT/salamandra-2b,21,ny,delta,12,0.21584712056504674,0.27474218114702215,0.0,0.11300180830638884,0.26548552993409846,0.0,0.0
BSC-LT/salamandra-2b,21,plural,native,30,0.5447367425725128,0.14122305561348916,0.9333333333333333,,,,
BSC-LT/salamandra-2b,21,plural,morphemic,30,0.7307424732757856,0.5619397699106474,0.9666666666666667,,,,
BSC-LT/salamandra-2b,21,plural,delta,30,0.18600573070327275,0.4207167142971583,0.033333333333333326,0.10553037130843258,0.2645259268916781,-0.06666666666666667,0.1341666666666659
BSC-LT/salamandra-2b,21,plural_s,native,30,0.7173245640279724,0.18517860697275773,1.0,,,,
BSC-LT/salamandra-2b,21,plural_s,morphemic,30,0.9083862032240579,0.13058172598294335,1.0,,,,
BSC-LT/salamandra-2b,21,plural_s,delta,30,0.19106163919608554,-0.054596880989814384,0.0,0.15558370933869956,0.21510145648084417,0.0,0.0
BSC-LT/salamandra-2b,21,verb_em,native,25,0.5195547140362011,0.1452756078984494,0.88,,,,
BSC-LT/salamandra-2b,21,verb_em,morphemic,25,0.7601037456116829,0.12222513533212605,0.68,,,,
BSC-LT/salamandra-2b,21,verb_em,delta,25,0.2405490315754818,-0.02305047256632335,-0.19999999999999996,0.19037706726514053,0.25793182062079917,-0.4,-0.03900000000000091
